{"SubTexture":[{"width":388,"name":"Duplicate Items Folder/Tween 3","y":688,"height":50,"x":874},{"width":84,"name":"Duplicate Items Folder/Symbol 21","y":840,"height":92,"x":1466},{"width":462,"name":"Duplicate Items Folder/Symbol 5","y":0,"height":384,"x":460},{"width":238,"name":"Duplicate Items Folder/Symbol 22","y":596,"height":242,"x":1312},{"width":150,"name":"Duplicate Items Folder/Tween 2","y":698,"height":100,"x":270},{"width":72,"name":"Symbol 51","y":596,"height":66,"x":1552},{"width":40,"name":"Duplicate Items Folder/Symbol 27","y":314,"height":38,"x":1630},{"width":170,"name":"Duplicate Items Folder/Symbol 29","y":494,"height":202,"x":270},{"width":346,"name":"MCHitRect","y":256,"height":252,"x":1688},{"width":110,"name":"Duplicate Items Folder/Symbol 2","y":918,"height":92,"x":218},{"width":130,"name":"__dbTextures/Duplicate Items Folder/pied/Layer 1_1","y":800,"height":116,"x":270},{"width":130,"name":"__dbTextures/Duplicate Items Folder/pied/Layer 1_2","y":834,"height":116,"x":692},{"width":130,"name":"__dbTextures/Duplicate Items Folder/pied/Layer 1_3","y":716,"height":116,"x":694},{"width":216,"name":"Duplicate Items Folder/Symbol 20","y":806,"height":192,"x":0},{"width":216,"name":"__dbTextures/Duplicate Items Folder/Symbol 24/color_1","y":740,"height":192,"x":1044},{"width":216,"name":"__dbTextures/Duplicate Items Folder/Symbol 24/color_2","y":832,"height":192,"x":402},{"width":216,"name":"__dbTextures/Duplicate Items Folder/Symbol 24/color_3","y":740,"height":192,"x":826},{"width":210,"name":"__dbTextures/Duplicate Items Folder/Symbol 24/Layer 2_0","y":702,"height":216,"x":1630},{"width":370,"name":"Duplicate Items Folder/Symbol 18","y":510,"height":190,"x":1630},{"width":358,"name":"Duplicate Items Folder/Symbol 17","y":538,"height":148,"x":890},{"width":178,"name":"Duplicate Items Folder/Symbol 16","y":608,"height":106,"x":694},{"width":28,"name":"__dbTextures/Duplicate Items Folder/oreille/Layer 1_0","y":404,"height":14,"x":890},{"width":112,"name":"__dbTextures/Duplicate Items Folder/oreille/Layer 1_1","y":920,"height":52,"x":1620},{"width":112,"name":"__dbTextures/Duplicate Items Folder/oreille/Layer 1_2","y":934,"height":52,"x":824},{"width":112,"name":"__dbTextures/Duplicate Items Folder/oreille/Layer 1_3","y":934,"height":52,"x":938},{"width":250,"name":"Duplicate Items Folder/Symbol 7","y":608,"height":222,"x":442},{"width":348,"name":"Duplicate Items Folder/Symbol 7 copy","y":0,"height":254,"x":1688},{"width":314,"name":"Duplicate Items Folder/Symbol 7 copy 2","y":314,"height":280,"x":1314},{"width":398,"name":"__dbTextures/Duplicate Items Folder/Symbol 8/Layer 1_4","y":0,"height":308,"x":924},{"width":268,"name":"__dbTextures/Duplicate Items Folder/Symbol 8/Layer 1_5","y":494,"height":310,"x":0},{"width":362,"name":"Duplicate Items Folder/Symbol 12","y":0,"height":312,"x":1324},{"width":458,"name":"Duplicate Items Folder/Symbol 13","y":0,"height":492,"x":0},{"width":202,"name":"__dbTextures/Duplicate Items Folder/Symbol 8/Layer 1_8","y":828,"height":124,"x":1842},{"width":202,"name":"__dbTextures/Duplicate Items Folder/Symbol 8/Layer 1_9","y":702,"height":124,"x":1842},{"width":202,"name":"__dbTextures/Duplicate Items Folder/Symbol 8/Layer 1_10","y":840,"height":124,"x":1262},{"width":428,"name":"Duplicate Items Folder/Symbol 14","y":386,"height":220,"x":460},{"width":388,"name":"Duplicate Items Folder/Symbol 15","y":310,"height":226,"x":924},{"width":12,"name":"__dbTextures/Duplicate Items Folder/Symbol 26/Layer 1_0","y":326,"height":10,"x":1672},{"width":28,"name":"__dbTextures/Duplicate Items Folder/Symbol 26/Layer 1_1","y":402,"height":16,"x":1630},{"width":44,"name":"__dbTextures/Duplicate Items Folder/Symbol 26/Layer 1_2","y":354,"height":22,"x":1630},{"width":60,"name":"__dbTextures/Duplicate Items Folder/Symbol 26/Layer 1_3","y":656,"height":28,"x":1250},{"width":76,"name":"__dbTextures/Duplicate Items Folder/Symbol 26/Layer 1_4","y":664,"height":34,"x":1552},{"width":68,"name":"__dbTextures/Duplicate Items Folder/Symbol 26/Layer 1_5","y":848,"height":36,"x":1552},{"width":60,"name":"__dbTextures/Duplicate Items Folder/Symbol 26/Layer 1_6","y":538,"height":42,"x":1250},{"width":66,"name":"__dbTextures/Duplicate Items Folder/Symbol 26/Layer 1_7","y":870,"height":38,"x":620},{"width":70,"name":"__dbTextures/Duplicate Items Folder/Symbol 26/Layer 1_8","y":810,"height":36,"x":1552},{"width":76,"name":"__dbTextures/Duplicate Items Folder/Symbol 26/Layer 1_9","y":700,"height":34,"x":1552},{"width":70,"name":"__dbTextures/Duplicate Items Folder/Symbol 26/Layer 1_10","y":772,"height":36,"x":1552},{"width":66,"name":"__dbTextures/Duplicate Items Folder/Symbol 26/Layer 1_11","y":910,"height":38,"x":620},{"width":60,"name":"__dbTextures/Duplicate Items Folder/Symbol 26/Layer 1_12","y":582,"height":42,"x":1250},{"width":66,"name":"__dbTextures/Duplicate Items Folder/Symbol 26/Layer 1_13","y":886,"height":38,"x":1552},{"width":70,"name":"__dbTextures/Duplicate Items Folder/Symbol 26/Layer 1_14","y":832,"height":36,"x":620},{"width":76,"name":"__dbTextures/Duplicate Items Folder/Symbol 26/Layer 1_15","y":736,"height":34,"x":1552},{"width":60,"name":"__dbTextures/Duplicate Items Folder/Symbol 26/Layer 1_16","y":626,"height":28,"x":1250},{"width":44,"name":"__dbTextures/Duplicate Items Folder/Symbol 26/Layer 1_17","y":378,"height":22,"x":1630},{"width":28,"name":"__dbTextures/Duplicate Items Folder/Symbol 26/Layer 1_18","y":386,"height":16,"x":890},{"width":12,"name":"__dbTextures/Duplicate Items Folder/Symbol 26/Layer 1_19","y":314,"height":10,"x":1672}],"name":"sheep_animation","imagePath":"texture.png"}